"DisplayName","Package","GroupId","Version","Hide","Notes","Type"
"actors-preview","actors-preview","com.microsoft.azure.servicefabric","1.0.0","","",""
"adal4j","adal4j","com.microsoft.azure","1.6.5","","",""
"apache-spark-archetype","apache-spark-archetype","com.microsoft.azure","0.1.0","","",""
"api-annotations","api-annotations","com.microsoft.azure","0.0.2","","",""
"applicationinsights-agent","applicationinsights-agent","com.microsoft.azure","2.6.2-BETA","","",""
"applicationinsights-android","applicationinsights-android","com.microsoft.azure","1.0-beta.10","","",""
"applicationinsights-collectd","applicationinsights-collectd","com.microsoft.azure","2.6.2-BETA","","",""
"applicationinsights-core","applicationinsights-core","com.microsoft.azure","2.6.2-BETA","","",""
"applicationinsights-logging-log4j1_2","applicationinsights-logging-log4j1_2","com.microsoft.azure","2.6.2-BETA","","",""
"applicationinsights-logging-log4j2","applicationinsights-logging-log4j2","com.microsoft.azure","2.6.2-BETA","","",""
"applicationinsights-logging-logback","applicationinsights-logging-logback","com.microsoft.azure","2.6.2-BETA","","",""
"applicationinsights-profiler-agent","applicationinsights-profiler-agent","com.microsoft.azure","0.2.0","","",""
"applicationinsights-profiler-library","applicationinsights-profiler-library","com.microsoft.azure","0.2.0","","",""
"applicationinsights-profiler-telemetrymodule","applicationinsights-profiler-telemetrymodule","com.microsoft.azure","0.2.1","","",""
"applicationinsights-profiler-uploader","applicationinsights-profiler-uploader","com.microsoft.azure","0.2.0","","",""
"applicationinsights-spring-boot-starter","applicationinsights-spring-boot-starter","com.microsoft.azure","2.6.2-BETA","","",""
"applicationinsights-web","applicationinsights-web","com.microsoft.azure","2.6.2-BETA","","",""
"applicationinsights-web-auto","applicationinsights-web-auto","com.microsoft.azure","2.6.2-BETA","","",""
"autorest-build-tools","autorest-build-tools","com.microsoft.azure","1.7.5","","",""
"autorest-build-tools","autorest-build-tools","com.microsoft.azure.v2","2.0.0-java7-beta1","","",""
"autorest-clientruntime-for-java","autorest-clientruntime-for-java","com.microsoft.azure","1.7.5","","",""
"autorest-clientruntime-for-java","autorest-clientruntime-for-java","com.microsoft.azure.v2","2.1.1","","",""
"azure","azure","com.microsoft.azure","1.35.0","","",""
"azure","azure","com.microsoft.azure.profile_2018_03_01_hybrid","1.0.0-beta-1","","",""
"azure","azure","com.microsoft.azure.profile_2019_03_01_hybrid","1.0.0-beta-1","","",""
"azure-active-directory-b2c-spring-boot-starter","azure-active-directory-b2c-spring-boot-starter","com.microsoft.azure","2.3.2","","",""
"azure-active-directory-spring-boot-starter","azure-active-directory-spring-boot-starter","com.microsoft.azure","2.3.2","","",""
"azure-ad-integration-spring-boot-autoconfigure","azure-ad-integration-spring-boot-autoconfigure","com.microsoft.azure","0.1.5","","",""
"azure-ad-integration-spring-boot-starter","azure-ad-integration-spring-boot-starter","com.microsoft.azure","0.1.8","","",""
"azure-ai-formrecognizer","azure-ai-formrecognizer","com.azure","1.0.0-beta.3","","",""
"azure-ai-textanalytics","azure-ai-textanalytics","com.azure","1.0.0","","",""
"azure-android-client-authentication","azure-android-client-authentication","com.microsoft.azure","1.0.0-beta1","","",""
"azure-annotations","azure-annotations","com.microsoft.azure","1.10.0","","",""
"azure-applicationinsights-query","azure-applicationinsights-query","com.microsoft.azure","1.0.0-Preview-1","","",""
"azure-arm-client-runtime","azure-arm-client-runtime","com.microsoft.azure","1.7.5","","",""
"azure-arm-parent","azure-arm-parent","com.microsoft.azure","1.3.1","","",""
"azure-authentication-msi-token-provider","azure-authentication-msi-token-provider","com.microsoft.azure.msi_auth_token_provider","1.0.0-Beta-2","","",""
"azure-auth-helper","azure-auth-helper","com.microsoft.azure","0.4.0","","",""
"azure-batch","azure-batch","com.microsoft.azure","8.0.0","","",""
"azure-bom","azure-bom","com.microsoft.azure","1.0.0.M1","","",""
"azure-client-authentication","azure-client-authentication","com.microsoft.azure","1.7.5","","",""
"azure-client-authentication","azure-client-authentication","com.microsoft.azure.v2","2.0.0-java7-beta1","","",""
"azure-client-runtime","azure-client-runtime","com.microsoft.azure","1.7.5","","",""
"azure-client-runtime","azure-client-runtime","com.microsoft.azure.v2","2.0.0-java7-beta1","","",""
"azure-client-sdk-parent","azure-client-sdk-parent","com.azure","1.7.0","","",""
"azure-cloud-foundry-service","azure-cloud-foundry-service","com.microsoft.azure","0.1.7","","",""
"azure-cognitiveservices-autosuggest","azure-cognitiveservices-autosuggest","com.microsoft.azure.cognitiveservices","1.0.2-beta","","",""
"azure-cognitiveservices-computervision","azure-cognitiveservices-computervision","com.microsoft.azure.cognitiveservices","1.0.4-beta","","",""
"azure-cognitiveservices-contentmoderator","azure-cognitiveservices-contentmoderator","com.microsoft.azure.cognitiveservices","1.0.2-beta","","",""
"azure-cognitiveservices-customimagesearch","azure-cognitiveservices-customimagesearch","com.microsoft.azure.cognitiveservices","1.0.2-beta","","",""
"azure-cognitiveservices-customsearch","azure-cognitiveservices-customsearch","com.microsoft.azure.cognitiveservices","1.0.2","","",""
"azure-cognitiveservices-customvision-prediction","azure-cognitiveservices-customvision-prediction","com.azure","1.1.0-preview.2","","",""
"azure-cognitiveservices-customvision-prediction","azure-cognitiveservices-customvision-prediction","com.microsoft.azure.cognitiveservices","1.0.2-beta","","",""
"azure-cognitiveservices-customvision-training","azure-cognitiveservices-customvision-training","com.azure","1.1.0-preview.2","","",""
"azure-cognitiveservices-customvision-training","azure-cognitiveservices-customvision-training","com.microsoft.azure.cognitiveservices","1.0.2-beta","","",""
"azure-cognitiveservices-entitysearch","azure-cognitiveservices-entitysearch","com.microsoft.azure.cognitiveservices","1.0.2","","",""
"azure-cognitiveservices-faceapi","azure-cognitiveservices-faceapi","com.microsoft.azure.cognitiveservices","1.0.0-beta","","",""
"azure-cognitiveservices-imagesearch","azure-cognitiveservices-imagesearch","com.microsoft.azure.cognitiveservices","1.0.2","","",""
"azure-cognitiveservices-language","azure-cognitiveservices-language","com.microsoft.azure.cognitiveservices","0.0.1-beta","","",""
"azure-cognitiveservices-luis-authoring","azure-cognitiveservices-luis-authoring","com.microsoft.azure.cognitiveservices","1.0.3-beta","","",""
"azure-cognitiveservices-luis-runtime","azure-cognitiveservices-luis-runtime","com.microsoft.azure.cognitiveservices","1.0.2-beta","","",""
"azure-cognitiveservices-newssearch","azure-cognitiveservices-newssearch","com.microsoft.azure.cognitiveservices","1.0.2","","",""
"azure-cognitiveservices-parent","azure-cognitiveservices-parent","com.microsoft.azure.cognitiveservices","1.0.2","","",""
"azure-cognitiveservices-qnamaker","azure-cognitiveservices-qnamaker","com.microsoft.azure.cognitiveservices","1.0.0-beta.1","","",""
"azure-cognitiveservices-spellcheck","azure-cognitiveservices-spellcheck","com.microsoft.azure.cognitiveservices","1.0.2","","",""
"azure-cognitiveservices-textanalytics","azure-cognitiveservices-textanalytics","com.microsoft.azure.cognitiveservices","1.0.2-beta","","",""
"azure-cognitiveservices-videosearch","azure-cognitiveservices-videosearch","com.microsoft.azure.cognitiveservices","1.0.2","","",""
"azure-cognitiveservices-visualsearch","azure-cognitiveservices-visualsearch","com.microsoft.azure.cognitiveservices","1.0.2-beta","","",""
"azure-cognitiveservices-websearch","azure-cognitiveservices-websearch","com.microsoft.azure.cognitiveservices","1.0.2","","",""
"azure-computervision","azure-computervision","com.microsoft.azure.cognitiveservices","0.0.1-beta","","",""
"azure-core","azure-core","com.azure","1.5.1","","",""
"azure-core","azure-core","com.microsoft.azure","0.9.8","","",""
"azure-core-amqp","azure-core-amqp","com.azure","1.2.0","","",""
"azure-core-http-netty","azure-core-http-netty","com.azure","1.5.2","","",""
"azure-core-http-okhttp","azure-core-http-okhttp","com.azure","1.2.3","","",""
"azure-core-management","azure-core-management","com.azure","1.0.0-preview.4","","",""
"azure-core-parent","azure-core-parent","com.azure","1.0.0-preview.2","","",""
"azure-core-serializer-json-gson","azure-core-serializer-json-gson","com.azure","1.0.0-beta.1","","",""
"azure-core-serializer-json-jackson","azure-core-serializer-json-jackson","com.azure","1.0.0-beta.1","","",""
"azure-core-test","azure-core-test","com.azure","1.3.0","","",""
"azure-core-tracing-opencensus","azure-core-tracing-opencensus","com.azure","1.0.0-preview.4","","",""
"azure-core-tracing-opentelemetry","azure-core-tracing-opentelemetry","com.azure","1.0.0-beta.5","","",""
"azure-cosmos","azure-cosmos","com.azure","4.0.1","","",""
"azure-cosmos","azure-cosmos","com.microsoft.azure","3.7.4","","",""
"azure-cosmos","azure-cosmos 3.x","","","","",""
"azure-cosmos","azure-cosmos 4.x","","","","",""
"azure-cosmos-cassandra-extensions","azure-cosmos-cassandra-extensions","com.microsoft.azure","0.11.0","","",""
"azure-cosmos-cassandra-extensions.parent","azure-cosmos-cassandra-extensions.parent","com.microsoft.azure","0.11.0","","",""
"azure-cosmos-cassandra-spark-helper","azure-cosmos-cassandra-spark-helper","com.microsoft.azure.cosmosdb","1.2.0","","",""
"azure-cosmos-cassandra-uploader","azure-cosmos-cassandra-uploader","com.microsoft.azure","1.0.16","","",""
"azure-cosmos-change-feed","azure-cosmos-change-feed","com.microsoft.azure","1.0.0-beta-2","","",""
"azure-cosmos-changefeedprocessor","azure-cosmos-changefeedprocessor","com.microsoft.azure","0.9.2-sources","","",""
"azure-cosmos-commons","azure-cosmos-commons","com.microsoft.azure","3.0.0-a1","","",""
"azure-cosmosdb","azure-cosmosdb","com.microsoft.azure","3.0.0-beta-3","","",""
"azure-cosmosdb-commons","azure-cosmosdb-commons","com.microsoft.azure","3.0.0-beta-3","","",""
"azure-cosmosdb-direct","azure-cosmosdb-direct","com.microsoft.azure","3.0.0-beta-3","","",""
"azure-cosmosdb-gateway","azure-cosmosdb-gateway","com.microsoft.azure","3.0.0-beta-3","","",""
"azure-cosmosdb-parent","azure-cosmosdb-parent","com.microsoft.azure","3.0.0-beta-3","","",""
"azure-cosmosdb-spark_2.0.2_2.10","azure-cosmosdb-spark_2.0.2_2.10","com.microsoft.azure","0.0.3","","",""
"azure-cosmosdb-spark_2.0.2_2.11","azure-cosmosdb-spark_2.0.2_2.11","com.microsoft.azure","0.0.3","","",""
"azure-cosmosdb-spark_2.1.0_2.10","azure-cosmosdb-spark_2.1.0_2.10","com.microsoft.azure","1.0.0","","",""
"azure-cosmosdb-spark_2.1.0_2.11","azure-cosmosdb-spark_2.1.0_2.11","com.microsoft.azure","1.2.6","","",""
"azure-cosmosdb-spark_2.2.0_2.10","azure-cosmosdb-spark_2.2.0_2.10","com.microsoft.azure","1.0.0","","",""
"azure-cosmosdb-spark_2.2.0_2.11","azure-cosmosdb-spark_2.2.0_2.11","com.microsoft.azure","1.1.1","","",""
"azure-cosmosdb-spark_2.3.0_2.11","azure-cosmosdb-spark_2.3.0_2.11","com.microsoft.azure","1.3.3","","",""
"azure-cosmosdb-spark_2.4.0_2.11","azure-cosmosdb-spark_2.4.0_2.11","com.microsoft.azure","3.0.5","","",""
"azure-cosmosdb-spring-boot-starter","azure-cosmosdb-spring-boot-starter","com.microsoft.azure","2.3.2","","",""
"azure-cosmos-direct","azure-cosmos-direct","com.microsoft.azure","3.0.0-a1","","",""
"azure-cosmos-examples","azure-cosmos-examples","com.microsoft.azure","3.3.1","","",""
"azure-cosmos-gateway","azure-cosmos-gateway","com.microsoft.azure","3.0.0-a1","","",""
"azure-cosmos-parent","azure-cosmos-parent","com.azure","4.0.0-preview.2","","",""
"azure-cosmos-parent","azure-cosmos-parent","com.microsoft.azure","3.5.0","","",""
"azure-cosmos-serialization","azure-cosmos-serialization","com.azure.data","2.9.6","","",""
"azure-data-appconfiguration","azure-data-appconfiguration","com.azure","1.1.2","","",""
"azure-data-lake-store-sdk","azure-data-lake-store-sdk","com.microsoft.azure","2.3.8","","",""
"azure-data-lake-store-sdk","azure-storage-file-datalake","","","","",""
"azure-data-schemaregistry","azure-data-schemaregistry","com.azure","1.0.0-beta.1","","",""
"azure-data-schemaregistry-avro","azure-data-schemaregistry-avro","com.azure","1.0.0-beta.1","","",""
"azure-data-sdk-parent","azure-data-sdk-parent","com.azure","1.3.0","","",""
"azure-dependencies-bom","azure-dependencies-bom","com.microsoft.azure","2.3.0","","",""
"azure-documentdb","azure-documentdb","com.microsoft.azure","2.5.1","","",""
"azure-documentdb-hadoop","azure-documentdb-hadoop","com.microsoft.azure","1.2.0","","",""
"azure-documentdb-rx","azure-documentdb-rx","com.microsoft.azure","0.9.0-rc2","","",""
"azure-documentdb-spring-boot-autoconfigure","azure-documentdb-spring-boot-autoconfigure","com.microsoft.azure","0.1.7","","",""
"azure-documentdb-spring-boot-starter","azure-documentdb-spring-boot-starter","com.microsoft.azure","2.0.5","","",""
"azure-elasticdb-tools","azure-elasticdb-tools","com.microsoft.azure","1.0.0","","",""
"azure-eventgrid","azure-eventgrid","com.microsoft.azure","1.4.0-beta.1","","",""
"azure-eventhubs","azure-eventhubs","com.microsoft.azure","3.2.0","","",""
"azure-eventhubs","azure-messaging-eventhubs","","","","",""
"azure-eventhubs-databricks_2.11","azure-eventhubs-databricks_2.11","com.microsoft.azure","3.4.0","","",""
"azure-eventhubs-eph","azure-eventhubs-eph","com.microsoft.azure","3.2.0","","",""
"azure-eventhubs-extensions","azure-eventhubs-extensions","com.microsoft.azure","3.2.0","","",""
"azure-eventhubs-reactive_2.12","azure-eventhubs-reactive_2.12","com.microsoft.azure","0.5.0","","",""
"azure-event-hubs-reactive_2.12","azure-event-hubs-reactive_2.12","com.microsoft.azure","0.1.0","","",""
"azure-eventhubs-spark_2.11","azure-eventhubs-spark_2.11","com.microsoft.azure","2.3.15","","",""
"azure-eventhubs-spark_2.12","azure-eventhubs-spark_2.12","com.microsoft.azure","2.3.15","","",""
"azure-faceapi","azure-faceapi","com.microsoft.azure.cognitiveservices","0.0.1-beta","","",""
"azure-functions-archetype","azure-functions-archetype","com.microsoft.azure","1.28","","",""
"azure-functions-java-core","azure-functions-java-core","com.microsoft.azure","1.0.0-beta-3","","",""
"azure-functions-java-library","azure-functions-java-library","com.microsoft.azure.functions","1.3.1","","",""
"azure-functions-java-library-cosmosdbcassandra","azure-functions-java-library-cosmosdbcassandra","com.microsoft.azure.functions","1.0.0","","",""
"azure-functions-java-library-signalr","azure-functions-java-library-signalr","com.microsoft.azure.functions","1.0.0","","",""
"azure-functions-kotlin-archetype","azure-functions-kotlin-archetype","com.microsoft.azure","1.23","","",""
"azure-functions-maven-plugin","azure-functions-maven-plugin","com.microsoft.azure","1.5.0","","",""
"azure-identity","azure-identity","com.azure","1.1.0-beta.5","","",""
"azure-internet-analyzer-java","azure-internet-analyzer-java","com.microsoft.azure","1.0.0-beta.1","","",""
"azure-iot-edge-archetype","azure-iot-edge-archetype","com.microsoft.azure","1.3.0","","",""
"azure-keyvault","azure-keyvault","com.microsoft.azure","1.2.4","","",""
"azure-keyvault-certificates","azure-keyvault-certificates","com.azure","4.0.0-preview.4","","",""
"azure-keyvault-complete","azure-keyvault-complete","com.microsoft.azure","1.2.4","","",""
"azure-keyvault-core","azure-keyvault-core","com.microsoft.azure","1.2.4","","",""
"azure-keyvault-cryptography","azure-keyvault-cryptography","com.microsoft.azure","1.2.4","","",""
"azure-keyvault-extensions","azure-keyvault-extensions","com.microsoft.azure","1.2.4","","",""
"azure-keyvault-keys","azure-keyvault-keys","com.azure","4.0.0-preview.4","","",""
"azure-keyvault-parent","azure-keyvault-parent","com.azure","4.0.0-preview.2","","",""
"azure-keyvault-parent","azure-keyvault-parent","com.microsoft.azure","1.2.1","","",""
"azure-keyvault-secrets","azure-keyvault-secrets","com.azure","4.0.0-preview.4","","",""
"azure-keyvault-secrets-spring-boot","azure-keyvault-secrets-spring-boot","com.microsoft.azure","0.1.5","","",""
"azure-keyvault-secrets-spring-boot-starter","azure-keyvault-secrets-spring-boot-starter","com.microsoft.azure","2.3.2","","",""
"azure-keyvault-webkey","azure-keyvault-webkey","com.microsoft.azure","1.2.4","","",""
"azure-loganalytics","azure-loganalytics","com.microsoft.azure","1.0.0-Preview-1","","",""
"azure-management","azure-management","com.microsoft.azure","0.8.0","","",""
"azure-management-compute","azure-management-compute","com.microsoft.azure","0.8.0","","",""
"azure-management-media","azure-management-media","com.microsoft.azure","0.8.0","","",""
"azure-management-network","azure-management-network","com.microsoft.azure","0.8.0","","",""
"azure-management-scheduler","azure-management-scheduler","com.microsoft.azure","0.8.0","","",""
"azure-management-sql","azure-management-sql","com.microsoft.azure","0.8.0","","",""
"azure-management-storage","azure-management-storage","com.microsoft.azure","0.8.0","","",""
"azure-management-websites","azure-management-websites","com.microsoft.azure","0.8.0","","",""
"azure-maven-plugin","azure-maven-plugin","com.microsoft.azure","0.1.0","","",""
"azure-maven-plugin-common","azure-maven-plugin-common","com.microsoft.azure","0.2.0","","",""
"azure-maven-plugin-lib","azure-maven-plugin-lib","com.microsoft.azure","1.2.15","","",""
"azure-maven-plugins-pom","azure-maven-plugins-pom","com.microsoft.azure","1.0.3","","",""
"azure-media","azure-media","com.microsoft.azure","0.9.8","","",""
"azure-mediaservices-spring-boot-autoconfigure","azure-mediaservices-spring-boot-autoconfigure","com.microsoft.azure","0.1.5","","",""
"azure-mediaservices-spring-boot-starter","azure-mediaservices-spring-boot-starter","com.microsoft.azure","2.2.5","","",""
"azure-messaging-eventhubs","azure-eventhubs","","","","",""
"azure-messaging-eventhubs","azure-messaging-eventhubs","com.azure","5.1.1","","",""
"azure-messaging-eventhubs-checkpointstore-blob","azure-messaging-eventhubs-checkpointstore-blob","com.azure","1.1.1","","",""
"azure-messaging-eventhubs-parent","azure-messaging-eventhubs-parent","com.azure","5.0.0-preview.1","","",""
"azure-messaging-servicebus","azure-messaging-servicebus","com.azure","7.0.0-beta.3","","",""
"azure-messaging-servicebus","azure-servicebus","","","","",""
"azure-mgmt-advisor.v2017_04_19","azure-mgmt-advisor","com.microsoft.azure.advisor.v2017_04_19","1.0.0-beta-2","","",""
"azure-mgmt-advisor.v2020_01_01","azure-mgmt-advisor","com.microsoft.azure.advisor.v2020_01_01","1.0.0-beta","","",""
"azure-mgmt-apimanagement","azure-mgmt-apimanagement","com.microsoft.azure","1.10.0-beta","TRUE","",""
"azure-mgmt-apimanagement.v2018_06_01_preview","azure-mgmt-apimanagement","com.microsoft.azure.apimanagement.v2018_06_01_preview","1.0.0-beta","","",""
"azure-mgmt-apimanagement.v2019_01_01","azure-mgmt-apimanagement","com.microsoft.azure.apimanagement.v2019_01_01","1.0.0-beta-1","","",""
"azure-mgmt-apimanagement.v2019_12_01","azure-mgmt-apimanagement","com.microsoft.azure.apimanagement.v2019_12_01","1.0.0-beta","","",""
"azure-mgmt-appconfiguration.v2019_02_01_preview","azure-mgmt-appconfiguration","com.microsoft.azure.appconfiguration.v2019_02_01_preview","1.0.0-beta","","",""
"azure-mgmt-appconfiguration.v2019_10_01","azure-mgmt-appconfiguration","com.microsoft.azure.appconfiguration.v2019_10_01","1.0.0-beta","","",""
"azure-mgmt-appconfiguration.v2019_11_01_preview","azure-mgmt-appconfiguration","com.microsoft.azure.appconfiguration.v2019_11_01_preview","1.0.0-beta","","",""
"azure-mgmt-appplatform.v2019_05_01_preview","azure-mgmt-appplatform","com.microsoft.azure.appplatform.v2019_05_01_preview","1.0.0-beta-2","","",""
"azure-mgmt-appservice","azure-mgmt-appservice","com.microsoft.azure","1.35.0","","",""
"azure-mgmt-appservice.v2016_03_01","azure-mgmt-appservice","com.microsoft.azure.appservice.v2016_03_01","1.0.0-beta-2","","",""
"azure-mgmt-appservice.v2016_08_01","azure-mgmt-appservice","com.microsoft.azure.appservice.v2016_08_01","1.0.0-beta-1","","",""
"azure-mgmt-appservice.v2016_09_01","azure-mgmt-appservice","com.microsoft.azure.appservice.v2016_09_01","1.0.0-beta-2","","",""
"azure-mgmt-appservice.v2018_02_01","azure-mgmt-appservice","com.microsoft.azure.appservice.v2018_02_01","1.0.0-beta-1","","",""
"azure-mgmt-authorization.v2015_06_01","azure-mgmt-authorization","com.microsoft.azure.authorization.v2015_06_01","1.0.0-beta","","",""
"azure-mgmt-authorization.v2015_07_01","azure-mgmt-authorization","com.microsoft.azure.authorization.v2015_07_01","1.0.0-beta-2","","",""
"azure-mgmt-authorization.v2018_07_01_preview","azure-mgmt-authorization","com.microsoft.azure.authorization.v2018_07_01_preview","1.0.0-beta","","",""
"azure-mgmt-authorization.v2018_09_01_preview","azure-mgmt-authorization","com.microsoft.azure.authorization.v2018_09_01_preview","1.0.0-beta-1","","",""
"azure-mgmt-automation.v2015_10_31","azure-mgmt-automation","com.microsoft.azure.automation.v2015_10_31","1.0.0-beta","","",""
"azure-mgmt-automation.v2018_06_30","azure-mgmt-automation","com.microsoft.azure.automation.v2018_06_30","1.0.0-beta","","",""
"azure-mgmt-avs","azure-mgmt-avs","com.microsoft.azure.avs.v2019_08_09_preview","1.0.0-beta","","",""
"azure-mgmt-azurestack.v2017_06_01","azure-mgmt-azurestack","com.microsoft.azure.azurestack.v2017_06_01","1.0.0-beta-1","","",""
"azure-mgmt-batch","azure-mgmt-batch","com.microsoft.azure","1.35.0","","",""
"azure-mgmt-batchai","azure-mgmt-batchai","com.microsoft.azure","1.35.0","","",""
"azure-mgmt-batchai.v2017_09_01_preview","azure-mgmt-batchai","com.microsoft.azure.batchai.v2017_09_01_preview","1.0.0-beta","","",""
"azure-mgmt-batchai.v2018_03_01","azure-mgmt-batchai","com.microsoft.azure.batchai.v2018_03_01","1.0.0-beta","","",""
"azure-mgmt-batchai.v2018_05_01","azure-mgmt-batchai","com.microsoft.azure.batchai.v2018_05_01","1.0.0-beta-2","","",""
"azure-mgmt-batchai.v2018_05_01","azure-mgmt-batchai","com.microsoft.azure.batchai-2018-05-01","1.0.0-beta-1","","",""
"azure-mgmt-billing","azure-mgmt-billing","com.microsoft.azure","1.10.0-beta","TRUE","",""
"azure-mgmt-billing.v2019_10_01_preview","azure-mgmt-billing","com.microsoft.azure.subscription.v2019_10_01_preview","1.0.0-beta","","",""
"azure-mgmt-cdn","azure-mgmt-cdn","com.microsoft.azure","1.35.0","","",""
"azure-mgmt-cognitiveservices","azure-mgmt-cognitiveservices","com.microsoft.azure","1.10.0-beta","TRUE","",""
"azure-mgmt-cognitiveservices.v2017_04_18","azure-mgmt-cognitiveservices","com.microsoft.azure.cognitiveservices.v2017_04_18","1.0.0-beta-4","","",""
"azure-mgmt-cognitiveservices.v2017_04_18","azure-mgmt-cognitiveservices","com.microsoft.azure.cognitiveservices-2017-04-18","1.0.0-beta-1","","",""
"azure-mgmt-compute","azure-mgmt-compute","com.microsoft.azure","1.35.0","","",""
"azure-mgmt-compute.v2017_03_30","azure-mgmt-compute","com.microsoft.azure.compute.v2017_03_30","1.0.0-beta-2","","",""
"azure-mgmt-compute.v2017_12_01","azure-mgmt-compute","com.microsoft.azure.compute.v2017_12_01","1.0.0-beta-1","","",""
"azure-mgmt-compute.v2018_09_30","azure-mgmt-compute","com.microsoft.azure.compute.v2018_09_30","1.0.0-beta","","",""
"azure-mgmt-compute.v2019_03_01","azure-mgmt-compute","com.microsoft.azure.compute.v2019_03_01","1.0.0-beta","","",""
"azure-mgmt-compute.v2019_11_01","azure-mgmt-compute","com.microsoft.azure.compute.v2019_11_01","1.0.0-beta","","",""
"azure-mgmt-consumption","azure-mgmt-consumption","com.microsoft.azure","1.10.0-beta","TRUE","",""
"azure-mgmt-containerinstance","azure-mgmt-containerinstance","com.microsoft.azure","1.35.0","","",""
"azure-mgmt-containerinstance.v2018_10_01","azure-mgmt-containerinstance","com.microsoft.azure.containerinstance.v2018_10_01","1.0.0-beta","","",""
"azure-mgmt-containerregistry","azure-mgmt-containerregistry","com.microsoft.azure","1.35.0","","",""
"azure-mgmt-containerregistry.v2016_06_27_preview","azure-mgmt-containerregistry","com.microsoft.azure.containerregistry.v2016_06_27_preview","1.0.0-beta","","",""
"azure-mgmt-containerregistry.v2017_03_01","azure-mgmt-containerregistry","com.microsoft.azure.containerregistry.v2017_03_01","1.0.0-beta","","",""
"azure-mgmt-containerregistry.v2017_06_01_preview","azure-mgmt-containerregistry","com.microsoft.azure.containerregistry.v2017_06_01_preview","1.0.0-beta","","",""
"azure-mgmt-containerregistry.v2017_10_01","azure-mgmt-containerregistry","com.microsoft.azure.containerregistry.v2017_10_01","1.0.0-beta","","",""
"azure-mgmt-containerregistry.v2018_02_01_preview","azure-mgmt-containerregistry","com.microsoft.azure.containerregistry.v2018_02_01_preview","1.0.0-beta-1","","",""
"azure-mgmt-containerregistry.v2018_09_01","azure-mgmt-containerregistry","com.microsoft.azure.containerregistry.v2018_09_01","1.0.0-beta-1","","",""
"azure-mgmt-containerregistry.v2019_04_01","azure-mgmt-containerregistry","com.microsoft.azure.containerregistry.v2019_04_01","1.0.0-beta-1","","",""
"azure-mgmt-containerregistry.v2019_06_01_preview","azure-mgmt-containerregistry","com.microsoft.azure.containerregistry.v2019_06_01_preview","1.0.0-beta","","",""
"azure-mgmt-containerservice","azure-mgmt-containerservice","com.microsoft.azure","1.35.0","","",""
"azure-mgmt-containerservice.v2018_09_30_preview","azure-mgmt-containerservice","com.microsoft.azure.containerservice.v2018_09_30_preview","1.0.0-beta","","",""
"azure-mgmt-containerservice.v2019_02_01","azure-mgmt-containerservice","com.microsoft.azure.containerservice.v2019_02_01","1.0.0-beta","","",""
"azure-mgmt-containerservice.v2019_04_01","azure-mgmt-containerservice","com.microsoft.azure.containerservice.v2019_04_01","1.0.0-beta","","",""
"azure-mgmt-containerservice.v2019_06_01","azure-mgmt-containerservice","com.microsoft.azure.containerservice.v2019_06_01","1.0.0-beta","","",""
"azure-mgmt-containerservice.v2019_08_01","azure-mgmt-containerservice","com.microsoft.azure.containerservice.v2019_08_01","1.0.0-beta","","",""
"azure-mgmt-containerservice.v2020_02_01","azure-mgmt-containerservice","com.microsoft.azure.containerservice.v2020_02_01","1.0.0-beta","","",""
"azure-mgmt-cosmosdb","azure-mgmt-cosmosdb","com.microsoft.azure","1.35.0","","",""
"azure-mgmt-cosmosdb","azure-mgmt-cosmosdb","com.microsoft.azure.cosmosdb.v2020_04_01","1.0.0-beta","","",""
"azure-mgmt-cosmosdb.v2015_04_08","azure-mgmt-cosmosdb","com.microsoft.azure.cosmosdb.v2015_04_08","1.0.0-beta-3","","",""
"azure-mgmt-cosmosdb.v2019_08_01","azure-mgmt-cosmosdb","com.microsoft.azure.cosmosdb.v2019_08_01","1.0.0-beta","","",""
"azure-mgmt-cosmosdb.v2019_08_01_preview","azure-mgmt-cosmosdb","com.microsoft.azure.cosmosdb.v2019_08_01_preview","1.0.0-beta-2","","",""
"azure-mgmt-cosmosdb.v2019_12_12","azure-mgmt-cosmosdb","com.microsoft.azure.cosmosdb.v2019_12_12","1.0.0-beta","","",""
"azure-mgmt-cosmosdb.v2020_03_01","azure-mgmt-cosmosdb","com.microsoft.azure.cosmosdb.v2020_03_01","1.0.0-beta","","",""
"azure-mgmt-costmanagement.v2018_05_31","azure-mgmt-costmanagement","com.microsoft.azure.costmanagement.v2018_05_31","1.0.0-beta-1","","",""
"azure-mgmt-costmanagement.v2019_11_01","azure-mgmt-costmanagement","com.microsoft.azure.costmanagement.v2019_11_01","1.0.0-beta","","",""
"azure-mgmt-customerinsights","azure-mgmt-customerinsights","com.microsoft.azure","1.10.0-beta","TRUE","",""
"azure-mgmt-databox.v2019_09_01","azure-mgmt-databox","com.microsoft.azure.databox.v2019_09_01","1.0.0-beta","","",""
"azure-mgmt-databoxedge.v2019_03_01","azure-mgmt-databoxedge","com.microsoft.azure.edgegateway.v2019_03_01","1.0.0-beta","","",""
"azure-mgmt-datafactory.v2018_06_01","azure-mgmt-datafactory","com.microsoft.azure.datafactory.v2018_06_01","1.0.0-beta-2","","",""
"azure-mgmt-datalake-analytics","azure-mgmt-datalake-analytics","com.microsoft.azure","1.22.0","","",""
"azure-mgmt-datalake-store","azure-mgmt-datalake-store","com.microsoft.azure","1.22.0","","",""
"azure-mgmt-datalake-store-uploader","azure-mgmt-datalake-store-uploader","com.microsoft.azure","1.0.0-beta1.2","TRUE","",""
"azure-mgmt-datamigration.v2018_07_15_preview","azure-mgmt-datamigration","com.microsoft.azure.azuredatabasemigrationservice.v2018_07_15_preview","1.0.0-beta","","",""
"azure-mgmt-datamigration.v2018_07_15_preview","azure-mgmt-datamigration","com.microsoft.azure.datamigration.v2018_07_15_preview","1.0.0-beta-2","","",""
"azure-mgmt-dbformariadb.v2018_06_01","azure-mgmt-dbformariadb","com.microsoft.azure.mariadb.v2018_06_01","1.0.0-beta-1","","",""
"azure-mgmt-deploymentmanager.v2019_11_01_preview","azure-mgmt-deploymentmanager","com.microsoft.azure.deploymentmanager.v2019_11_01_preview","1.0.0-beta","","",""
"azure-mgmt-devices","azure-mgmt-devices","com.microsoft.azure","1.10.0-beta","TRUE","",""
"azure-mgmt-devspaces.v2018_06_01_preview","azure-mgmt-devspaces","com.microsoft.azure.devspaces.v2018_06_01_preview","1.0.0-beta-1","","",""
"azure-mgmt-devtestlab","azure-mgmt-devtestlab","com.microsoft.azure","1.10.0-beta","TRUE","",""
"azure-mgmt-devtestlabs.v2018_09_15","azure-mgmt-devtestlabs","com.microsoft.azure.devtestlabs.v2018_09_15","1.0.0-beta","","",""
"azure-mgmt-digitaltwins","azure-mgmt-digitaltwins","com.microsoft.azure.digitaltwins.v2020_03_01_preview","1.0.0-beta","","",""
"azure-mgmt-dns","azure-mgmt-dns","com.microsoft.azure","1.35.0","","",""
"azure-mgmt-dns.v2016_04_01","azure-mgmt-dns","com.microsoft.azure.dns.v2016_04_01","1.0.0-beta-2","","",""
"azure-mgmt-documentdb","azure-mgmt-documentdb","com.microsoft.azure","1.1.2","TRUE","",""
"azure-mgmt-documentdb.v2015_04_08","azure-mgmt-documentdb","com.microsoft.azure.cosmosdb.v2015_04_08","1.0.0-beta","","",""
"azure-mgmt-eventgrid.v2018_01_01","azure-mgmt-eventgrid","com.microsoft.azure.eventgrid.v2018_01_01","1.0.0-beta-2","","",""
"azure-mgmt-eventgrid.v2018_01_01","azure-mgmt-eventgrid","com.microsoft.azure.eventgrid-2018-01-01","1.0.0-beta-1","","",""
"azure-mgmt-eventgrid.v2018_05_01_preview","azure-mgmt-eventgrid","com.microsoft.azure.eventgrid.v2018_05_01_preview","1.0.0-beta-2","","",""
"azure-mgmt-eventgrid.v2018_09_15_preview","azure-mgmt-eventgrid","com.microsoft.azure.eventgrid.v2018_09_15_preview","1.0.0-beta","","",""
"azure-mgmt-eventgrid.v2019_01_01","azure-mgmt-eventgrid","com.microsoft.azure.eventgrid.v2019_01_01","1.0.0","","",""
"azure-mgmt-eventgrid.v2019_02_01_preview","azure-mgmt-eventgrid","com.microsoft.azure.eventgrid.v2019_02_01_preview","1.0.0-beta","","",""
"azure-mgmt-eventgrid.v2019_06_01","azure-mgmt-eventgrid","com.microsoft.azure.eventgrid.v2019_06_01","1.0.0-beta","","",""
"azure-mgmt-eventgrid.v2020_01_01_preview","azure-mgmt-eventgrid","com.microsoft.azure.eventgrid.v2020_01_01_preview","1.0.0-beta-1","","",""
"azure-mgmt-eventgrid.v2020_04_01_preview","azure-mgmt-eventgrid","com.microsoft.azure.eventgrid.v2020_04_01_preview","1.0.0-beta-4","","",""
"azure-mgmt-eventgrid.v2020_06_01","azure-mgmt-eventgrid","com.microsoft.azure.eventgrid.v2020_06_01","1.0.0-beta","","",""
"azure-mgmt-eventhub","azure-mgmt-eventhub","com.microsoft.azure","1.35.0","","",""
"azure-mgmt-eventhub.v2017_04_01","azure-mgmt-eventhub","com.microsoft.azure.eventhub.v2017_04_01","1.0.0-beta","","",""
"azure-mgmt-eventhubs.v2015_08_01","azure-mgmt-eventhubs","com.microsoft.azure.eventhubs.v2015_08_01","1.0.0-beta","","",""
"azure-mgmt-eventhubs.v2017_04_01","azure-mgmt-eventhubs","com.microsoft.azure.eventhubs.v2017_04_01","1.0.0-beta","","",""
"azure-mgmt-eventhubs.v2018_01_01_preview","azure-mgmt-eventhubs","com.microsoft.azure.eventhubs.v2018_01_01_preview","1.0.0-beta","","",""
"azure-mgmt-features.v2015_12_01","azure-mgmt-features","com.microsoft.azure.features.v2015_12_01","1.0.0-beta-1","","",""
"azure-mgmt-graph-rbac","azure-mgmt-graph-rbac","com.microsoft.azure","1.35.0","","",""
"azure-mgmt-hanaonazure.v2017_11_03_preview","azure-mgmt-hanaonazure","com.microsoft.azure.hanaonazure.v2017_11_03_preview","1.0.0-beta-5","","",""
"azure-mgmt-hdinsight.v2018_06_01_preview","azure-mgmt-hdinsight","com.microsoft.azure.hdinsight.v2018_06_01_preview","1.3.3","","",""
"azure-mgmt-insights","azure-mgmt-insights","com.microsoft.azure","1.10.0-beta","TRUE","",""
"azure-mgmt-insights.v2015_05_01","azure-mgmt-insights","com.microsoft.azure.applicationinsights.v2015_05_01","1.0.0-beta","","",""
"azure-mgmt-iotcentral.v2018_09_01","azure-mgmt-iotcentral","com.microsoft.azure.iotcentral.v2018_09_01","1.0.1","","",""
"azure-mgmt-iothub.v2018_04_01","azure-mgmt-iothub","com.microsoft.azure.devices-2018-04-01","1.0.0-beta-1","","",""
"azure-mgmt-iothub.v2018_04_01","azure-mgmt-iothub","com.microsoft.azure.iothub.v2018_04_01","1.0.0-beta","","",""
"azure-mgmt-iothub.v2018_12_01_preview","azure-mgmt-iothub","com.microsoft.azure.iothub.v2018_12_01_preview","1.0.0-beta","","",""
"azure-mgmt-iothub.v2019_03_22_preview","azure-mgmt-iothub","com.microsoft.azure.iothub.v2019_03_22_preview","1.0.0-beta","","",""
"azure-mgmt-keyvault","azure-mgmt-keyvault","com.microsoft.azure","1.35.0","","",""
"azure-mgmt-keyvault.v2016_10_01","azure-mgmt-keyvault","com.microsoft.azure.keyvault.v2016_10_01","1.0.0-beta-2","","",""
"azure-mgmt-kubernetesconfiguration.v2019_11_01_preview","azure-mgmt-kubernetesconfiguration","com.microsoft.azure.kubernetesconfiguration.v2019_11_01_preview","1.0.0-beta-1","","",""
"azure-mgmt-kusto.v2018_09_07_preview","azure-mgmt-kusto","com.microsoft.azure.kusto.v2018_09_07_preview","1.0.0-beta","","",""
"azure-mgmt-kusto.v2019_01_21","azure-mgmt-kusto","com.microsoft.azure.kusto.v2019_01_21","1.0.0-beta","","",""
"azure-mgmt-kusto.v2019_05_15","azure-mgmt-kusto","com.microsoft.azure.kusto.v2019_05_15","1.0.0-beta","","",""
"azure-mgmt-kusto.v2019_09_07","azure-mgmt-kusto","com.microsoft.azure.kusto.v2019_09_07","1.0.0-beta","","",""
"azure-mgmt-kusto.v2019_11_09","azure-mgmt-kusto","com.microsoft.azure.kusto.v2019_11_09","1.0.0-beta","","",""
"azure-mgmt-kusto.v2020_02_15","azure-mgmt-kusto","com.microsoft.azure.kusto.v2020_02_15","1.0.0-beta-1","","",""
"azure-mgmt-labservices.v2018_10_15","azure-mgmt-labservices","com.microsoft.azure.labservices.v2018_10_15","1.0.0-beta","","",""
"azure-mgmt-locks","azure-mgmt-locks","com.microsoft.azure","1.35.0","","",""
"azure-mgmt-locks.v2016_09_01","azure-mgmt-locks","com.microsoft.azure.locks.v2016_09_01","1.0.0-beta-3","","",""
"azure-mgmt-loganalytics.v2015_03_20","azure-mgmt-loganalytics","com.microsoft.azure.loganalytics.v2015_03_20","1.0.0-beta","","",""
"azure-mgmt-logic","azure-mgmt-logic","com.microsoft.azure","1.10.0-beta","TRUE","",""
"azure-mgmt-logic.v2016_06_01","azure-mgmt-logic","com.microsoft.azure.logic-2016-06-01","1.0.0-beta-1","","",""
"azure-mgmt-logic.v2018_07_01_preview","azure-mgmt-logic","com.microsoft.azure.logic.v2018_07_01_preview","1.0.0-beta-1","","",""
"azure-mgmt-machinelearning","azure-mgmt-machinelearning","com.microsoft.azure","1.10.0-beta","TRUE","",""
"azure-mgmt-machinelearningservices.v2019_05_01","azure-mgmt-machinelearningservices","com.microsoft.azure.machinelearningservices.v2019_05_01","1.0.0-beta","","",""
"azure-mgmt-maintenance.v2018_06_01_preview","azure-mgmt-maintenance","com.microsoft.azure.maintenance.v2018_06_01_preview","1.0.0-beta","","",""
"azure-mgmt-managedapplications.v2019_07_01","azure-mgmt-managedapplications","com.microsoft.azure.managedapplications.v2019_07_01","1.0.0-beta","","",""
"azure-mgmt-mariadb.v2018_06_01","azure-mgmt-mariadb","com.microsoft.azure.mariadb.v2018_06_01","1.0.0-beta-1","","",""
"azure-mgmt-marketplaceordering.v2015_06_01","azure-mgmt-marketplaceordering","com.microsoft.azure.marketplaceordering.v2015_06_01","1.0.0-beta","","",""
"azure-mgmt-media.v2015_10_01","azure-mgmt-media","com.microsoft.azure.mediaservices.v2015_10_01","1.0.0-beta-1","","",""
"azure-mgmt-media.v2018_03_30","azure-mgmt-media","com.microsoft.azure.media-2018-03-30-preview","1.0.0-beta-1","","",""
"azure-mgmt-media.v2018_03_30_preview","azure-mgmt-media","com.microsoft.azure.mediaservices.v2018_03_30_preview","1.0.0-beta-3","","",""
"azure-mgmt-media.v2018_06_01_preview","azure-mgmt-media","com.microsoft.azure.mediaservices.v2018_06_01_preview","1.0.0-beta-3","","",""
"azure-mgmt-media.v2018_07_01","azure-mgmt-media","com.microsoft.azure.mediaservices.v2018_07_01","1.0.0-beta-6","","",""
"azure-mgmt-media.v2019_05_01_preview","azure-mgmt-media","com.microsoft.azure.mediaservices.v2019_05_01_preview","1.0.0-beta-1","","",""
"azure-mgmt-mixedreality.v2019_02_28_preview","azure-mgmt-mixedreality","com.microsoft.azure.mixedreality.v2019_02_28_preview","1.0.0-beta","","",""
"azure-mgmt-mixedreality.v2020_05_01","azure-mgmt-mixedreality","com.microsoft.azure.mixedreality.v2020_05_01","1.0.0-beta","","",""
"azure-mgmt-monitor","azure-mgmt-monitor","com.microsoft.azure","1.35.0","","",""
"azure-mgmt-monitor.v2015_04_01","azure-mgmt-monitor","com.microsoft.azure.monitor.v2015_04_01","1.0.0-beta-1","","",""
"azure-mgmt-monitor.v2015_07_01","azure-mgmt-monitor","com.microsoft.azure.monitor.v2015_07_01","1.0.0-beta","","",""
"azure-mgmt-monitor.v2016_03_01","azure-mgmt-monitor","com.microsoft.azure.monitor.v2016_03_01","1.0.0-beta","","",""
"azure-mgmt-monitor.v2017_03_01_preview","azure-mgmt-monitor","com.microsoft.azure.monitor.v2017_03_01_preview","1.0.0-beta","","",""
"azure-mgmt-monitor.v2017_04_01","azure-mgmt-monitor","com.microsoft.azure.monitor.v2017_04_01","1.0.0-beta","","",""
"azure-mgmt-monitor.v2017_05_01_preview","azure-mgmt-monitor","com.microsoft.azure.monitor.v2017_05_01_preview","1.0.0-beta-1","","",""
"azure-mgmt-monitor.v2018_01_01","azure-mgmt-monitor","com.microsoft.azure.monitor.v2018_01_01","1.0.0-beta-1","","",""
"azure-mgmt-monitor.v2018_03_01","azure-mgmt-monitor","com.microsoft.azure.monitor.v2018_03_01","1.0.0-beta","","",""
"azure-mgmt-monitor.v2018_04_16","azure-mgmt-monitor","com.microsoft.azure.monitor.v2018_04_16","1.0.0-beta","","",""
"azure-mgmt-monitor.v2018_09_01","azure-mgmt-monitor","com.microsoft.azure.monitor.v2018_09_01","1.0.0-beta","","",""
"azure-mgmt-msi","azure-mgmt-msi","com.microsoft.azure","1.35.0","","",""
"azure-mgmt-mysql.v2017_12_01","azure-mgmt-mysql","com.microsoft.azure.dbformysql-2017-12-01","1.0.0-beta-1","","",""
"azure-mgmt-mysql.v2017_12_01","azure-mgmt-mysql","com.microsoft.azure.mysql.v2017_12_01","1.0.0-beta-4","","",""
"azure-mgmt-mysql.v2017_12_01_preview","azure-mgmt-mysql","com.microsoft.azure.mysql.v2017_12_01_preview","1.0.0-beta","","",""
"azure-mgmt-netapp.v2017_08_15","azure-mgmt-netapp","com.microsoft.azure.netapp.v2017_08_15","1.0.0-beta","","",""
"azure-mgmt-netapp.v2019_05_01","azure-mgmt-netapp","com.microsoft.azure.netapp.v2019_05_01","1.0.0-beta-1","","",""
"azure-mgmt-netapp.v2019_06_01","azure-mgmt-netapp","com.microsoft.azure.netapp.v2019_06_01","1.0.0","","",""
"azure-mgmt-netapp.v2019_07_01","azure-mgmt-netapp","com.microsoft.azure.netapp.v2019_07_01","1.0.0-beta","","",""
"azure-mgmt-netapp.v2019_08_01","azure-mgmt-netapp","com.microsoft.azure.netapp.v2019_08_01","1.0.0-beta","","",""
"azure-mgmt-netapp.v2019_10_01","azure-mgmt-netapp","com.microsoft.azure.netapp.v2019_10_01","1.0.0-beta","","",""
"azure-mgmt-netapp.v2019_11_01","azure-mgmt-netapp","com.microsoft.azure.netapp.v2019_11_01","1.0.0-beta-2","","",""
"azure-mgmt-network","azure-mgmt-network","com.microsoft.azure","1.35.0","","",""
"azure-mgmt-network","azure-mgmt-network","com.microsoft.azure.network.v2020_05_01","1.0.0-beta-1","","",""
"azure-mgmt-network.v2017_10_01","azure-mgmt-network","com.microsoft.azure.network.v2017_10_01","1.0.0-beta-2","","",""
"azure-mgmt-network.v2018_04_01","azure-mgmt-network","com.microsoft.azure.network.v2018_04_01","1.0.0-beta","","",""
"azure-mgmt-network.v2018_06_01","azure-mgmt-network","com.microsoft.azure.network.v2018_06_01","1.0.0-beta-1","","",""
"azure-mgmt-network.v2018_07_01","azure-mgmt-network","com.microsoft.azure.network.v2018_07_01","1.0.0-beta-1","","",""
"azure-mgmt-network.v2018_08_01","azure-mgmt-network","com.microsoft.azure.network.v2018_08_01","1.0.0-beta-2","","",""
"azure-mgmt-network.v2018_12_01","azure-mgmt-network","com.microsoft.azure.network.v2018_12_01","1.0.0-beta","","",""
"azure-mgmt-network.v2019_02_01","azure-mgmt-network","com.microsoft.azure.network.v2019_02_01","1.0.0-beta","","",""
"azure-mgmt-network.v2019_04_01","azure-mgmt-network","com.microsoft.azure.network.v2019_04_01","1.0.0-beta","","",""
"azure-mgmt-network.v2019_06_01","azure-mgmt-network","com.microsoft.azure.network.v2019_06_01","1.0.0-beta-1","","",""
"azure-mgmt-network.v2019_07_01","azure-mgmt-network","com.microsoft.azure.network.v2019_07_01","1.0.0-beta","","",""
"azure-mgmt-network.v2019_08_01","azure-mgmt-network","com.microsoft.azure.network.v2019_08_01","1.0.0-beta-1","","",""
"azure-mgmt-network.v2019_09_01","azure-mgmt-network","com.microsoft.azure.network.v2019_09_01","1.0.0-beta-1","","",""
"azure-mgmt-network.v2019_11_01","azure-mgmt-network","com.microsoft.azure.network.v2019_11_01","1.0.0-beta","","",""
"azure-mgmt-network.v2019_12_01","azure-mgmt-network","com.microsoft.azure.network.v2019_12_01","1.0.0-beta","","",""
"azure-mgmt-network.v2020_03_01","azure-mgmt-network","com.microsoft.azure.network.v2020_03_01","1.0.0-beta","","",""
"azure-mgmt-network.v2020_04_01","azure-mgmt-network","com.microsoft.azure.network.v2020_04_01","1.0.0-beta-1","","",""
"azure-mgmt-notificationhubs","azure-mgmt-notificationhubs","com.microsoft.azure","1.10.0-beta","TRUE","",""
"azure-mgmt-notificationhubs.v2016_03_01","azure-mgmt-notificationhubs","com.microsoft.azure.notificationhubs.v2016_03_01","1.0.0-beta","","",""
"azure-mgmt-notificationhubs.v2017_04_01","azure-mgmt-notificationhubs","com.microsoft.azure.notificationhubs.v2017_04_01","1.0.0-beta-1","","",""
"azure-mgmt-operationsmanagement.v2015_11_01_preview","azure-mgmt-operationsmanagement","com.microsoft.azure.operationsmanagement.v2015_11_01_preview","1.0.0-beta","","",""
"azure-mgmt-peering.v2019_08_01_preview","azure-mgmt-peering","com.microsoft.azure.peering.v2019_08_01_preview","1.0.0-beta","","",""
"azure-mgmt-policy.v2016_12_01","azure-mgmt-policy","com.microsoft.azure.policy.v2016_12_01","1.0.0-beta-2","","",""
"azure-mgmt-policy.v2018_05_01","azure-mgmt-policy","com.microsoft.azure.policy.v2018_05_01","1.0.0-beta","","",""
"azure-mgmt-policy.v2019_06_01","azure-mgmt-policy","com.microsoft.azure.policy.v2019_06_01","1.0.0-beta","","",""
"azure-mgmt-policy.v2019_09_01","azure-mgmt-policy","com.microsoft.azure.policy.v2019_09_01","1.0.0-beta-1","","",""
"azure-mgmt-policyinsights.v2018_04_04","azure-mgmt-policyinsights","com.microsoft.azure.policyinsights.v2018_04_04","1.0.0-beta-1","","",""
"azure-mgmt-policyinsights.v2018_07_01_preview","azure-mgmt-policyinsights","com.microsoft.azure.policyinsights.v2018_07_01_preview","1.0.0-beta","","",""
"azure-mgmt-policyinsights.v2019_10_01","azure-mgmt-policyinsights","com.microsoft.azure.policyinsights.v2019_10_01","1.0.0-beta-1","","",""
"azure-mgmt-postgresql.v2017_12_01","azure-mgmt-postgresql","com.microsoft.azure.dbforpostgresql-2017-12-01","1.0.0-beta-1","","",""
"azure-mgmt-postgresql.v2017_12_01","azure-mgmt-postgresql","com.microsoft.azure.postgresql.v2017_12_01","1.0.0-beta-5","","",""
"azure-mgmt-postgresql.v2017_12_01_preview","azure-mgmt-postgresql","com.microsoft.azure.postgresql.v2017_12_01_preview","1.0.0-beta","","",""
"azure-mgmt-powerbi","azure-mgmt-powerbi","com.microsoft.azure","1.10.0-beta","TRUE","",""
"azure-mgmt-powerbidedicated.v2017_10_01","azure-mgmt-powerbidedicated","com.microsoft.azure.powerbidedicated.v2017_10_01","1.0.0-beta","","",""
"azure-mgmt-privatedns.v2018_09_01","azure-mgmt-privatedns","com.microsoft.azure.privatedns.v2018_09_01","1.0.0-beta","","",""
"azure-mgmt-recoveryservices","azure-mgmt-recoveryservices","com.microsoft.azure","1.10.0-beta","TRUE","",""
"azure-mgmt-recoveryservices.v2016_06_01","azure-mgmt-recoveryservices","com.microsoft.azure.recoveryservices.backup.v2016_06_01","1.0.0-beta","","",""
"azure-mgmt-recoveryservices.v2016_06_01","azure-mgmt-recoveryservices","com.microsoft.azure.recoveryservices.v2016_06_01","1.0.0-beta-1","","",""
"azure-mgmt-recoveryservices.v2016_08_10","azure-mgmt-recoveryservices","com.microsoft.azure.recoveryservices.backup.v2016_08_10","1.0.0-beta","","",""
"azure-mgmt-recoveryservices.v2016_12_01","azure-mgmt-recoveryservices","com.microsoft.azure.recoveryservices.backup.v2016_12_01","1.0.0-beta","","",""
"azure-mgmt-recoveryservices.v2017_07_01","azure-mgmt-recoveryservices","com.microsoft.azure.recoveryservices.backup.v2017_07_01","1.0.0-beta","","",""
"azure-mgmt-recoveryservices.v2018_01_10","azure-mgmt-recoveryservices","com.microsoft.azure.recoveryservices.siterecovery.v2018_01_10","1.0.0-beta","","",""
"azure-mgmt-recoveryservices.v2020_02_02","azure-mgmt-recoveryservices","com.microsoft.azure.recoveryservices.backup.v2020_02_02","1.0.0-beta","","",""
"azure-mgmt-redis","azure-mgmt-redis","com.microsoft.azure","1.35.0","","",""
"azure-mgmt-redis.v2018_03_01","azure-mgmt-redis","com.microsoft.azure.cache-2018-03-01","1.0.0-beta-1","","",""
"azure-mgmt-redis.v2018_03_01","azure-mgmt-redis","com.microsoft.azure.redis.v2018_03_01","1.0.0-beta","","",""
"azure-mgmt-relay","azure-mgmt-relay","com.microsoft.azure","1.10.0-beta","TRUE","",""
"azure-mgmt-relay.v2017_04_01","azure-mgmt-relay","com.microsoft.azure.relay.v2017_04_01","1.0.0-beta","","",""
"azure-mgmt-resourcegraph.v2019_04_01","azure-mgmt-resourcegraph","com.microsoft.azure.resourcegraph.v2019_04_01","1.0.0-beta-1","","",""
"azure-mgmt-resourcehealth.v2015_01_01","azure-mgmt-resourcehealth","com.microsoft.azure.resourcehealth.v2015_01_01","1.0.0-beta","","",""
"azure-mgmt-resourcehealth.v2017_07_01","azure-mgmt-resourcehealth","com.microsoft.azure.resourcehealth.v2017_07_01","1.0.0-beta","","",""
"azure-mgmt-resources","azure-mgmt-resources","com.microsoft.azure","1.35.0","","",""
"azure-mgmt-resources.v2016_09_01","azure-mgmt-resources","com.microsoft.azure.resources.v2016_09_01","1.0.0-beta","","",""
"azure-mgmt-resources.v2018_02_01","azure-mgmt-resources","com.microsoft.azure.resources.v2018_02_01","1.0.0-beta-1","","",""
"azure-mgmt-resources.v2018_05_01","azure-mgmt-resources","com.microsoft.azure.resources.v2018_05_01","1.0.0-beta-1","","",""
"azure-mgmt-resources.v2019_05_01","azure-mgmt-resources","com.microsoft.azure.resources.v2019_05_01","1.0.0-beta-1","","",""
"azure-mgmt-resources.v2019_06_01","azure-mgmt-resources","com.microsoft.azure.resources.v2019_06_01","1.0.0-beta","","",""
"azure-mgmt-resources.v2019_07_01","azure-mgmt-resources","com.microsoft.azure.resources.v2019_07_01","1.0.0-beta","","",""
"azure-mgmt-resources.v2019_11_01","azure-mgmt-resources","com.microsoft.azure.resources.v2019_11_01","1.0.0-beta","","",""
"azure-mgmt-samples","azure-mgmt-samples","com.microsoft.azure","0.8.3","TRUE","",""
"azure-mgmt-scheduler","azure-mgmt-scheduler","com.microsoft.azure","1.10.0-beta","TRUE","",""
"azure-mgmt-search","azure-mgmt-search","com.microsoft.azure","1.35.0","","",""
"azure-mgmt-search.v2015_02_28","azure-mgmt-search","com.microsoft.azure.search.v2015_02_28","1.0.0-beta","","",""
"azure-mgmt-servicebus","azure-mgmt-servicebus","com.microsoft.azure","1.35.0","","",""
"azure-mgmt-servicebus.v2015_08_01","azure-mgmt-servicebus","com.microsoft.azure.servicebus.v2015_08_01","1.0.0-beta","","",""
"azure-mgmt-servicebus.v2017_04_01","azure-mgmt-servicebus","com.microsoft.azure.servicebus.v2017_04_01","1.0.0-beta","","",""
"azure-mgmt-servicebus.v2018_01_01_preview","azure-mgmt-servicebus","com.microsoft.azure.servicebus.v2018_01_01_preview","1.0.0-beta","","",""
"azure-mgmt-servicefabric","azure-mgmt-servicefabric","com.microsoft.azure","1.10.0-beta","TRUE","",""
"azure-mgmt-servicefabric.v2018_02_01","azure-mgmt-servicefabric","com.microsoft.azure.servicefabric.v2018_02_01","1.0.0-beta","","",""
"azure-mgmt-signalr.v2018_03_01","azure-mgmt-signalr","com.microsoft.azure.signalrservice-2018-03-01-preview","1.0.0-beta","","",""
"azure-mgmt-signalr.v2018_10_01","azure-mgmt-signalr","com.microsoft.azure.signalr.v2018_10_01","1.0.0-beta","","",""
"azure-mgmt-signalr.v2020_05_01","azure-mgmt-signalr","com.microsoft.azure.signalr.v2020_05_01","1.0.0-beta","","",""
"azure-mgmt-sql","azure-mgmt-sql","com.microsoft.azure","1.35.0","","",""
"azure-mgmt-sql.v2014_04_01","azure-mgmt-sql","com.microsoft.azure.sql.v2014_04_01","1.0.0-beta","","",""
"azure-mgmt-sql.v2015_05_01_preview","azure-mgmt-sql","com.microsoft.azure.sql.v2015_05_01_preview","1.0.0-beta","","",""
"azure-mgmt-sql.v2017_03_01_preview","azure-mgmt-sql","com.microsoft.azure.sql.v2017_03_01_preview","1.0.0-beta-1","","",""
"azure-mgmt-sql.v2017_10_01_preview","azure-mgmt-sql","com.microsoft.azure.sql.v2017_10_01_preview","1.0.0-beta","","",""
"azure-mgmt-sql.v2018_06_01_preview","azure-mgmt-sql","com.microsoft.azure.sql.v2018_06_01_preview","1.0.0-beta","","",""
"azure-mgmt-sqlvirtualmachine.v2017_03_01_preview","azure-mgmt-sqlvirtualmachine","com.microsoft.azure.sqlvirtualmachine.v2017_03_01_preview","1.0.0-beta-1","","",""
"azure-mgmt-storage","azure-mgmt-storage","com.microsoft.azure","1.35.0","","",""
"azure-mgmt-storage.v2016_01_01","azure-mgmt-storage","com.microsoft.azure.storage.v2016_01_01","1.0.0-beta-1","","",""
"azure-mgmt-storage.v2017_10_01","azure-mgmt-storage","com.microsoft.azure.storage.v2017_10_01","1.0.0-beta-1","","",""
"azure-mgmt-storage.v2017_10_01","azure-mgmt-storage","com.microsoft.azure.storage-2017-10-01","1.0.0-beta-1","","",""
"azure-mgmt-storage.v2018_03_01_preview","azure-mgmt-storage","com.microsoft.azure.storage.v2018_03_01_preview","1.0.0-beta-1","","",""
"azure-mgmt-storage.v2018_11_01","azure-mgmt-storage","com.microsoft.azure.storage.v2018_11_01","1.0.0-beta","","",""
"azure-mgmt-storage.v2019_04_01","azure-mgmt-storage","com.microsoft.azure.storage.v2019_04_01","1.0.0-beta-2","","",""
"azure-mgmt-storage.v2019_06_01","azure-mgmt-storage","com.microsoft.azure.storage.v2019_06_01","1.0.0-beta-7","","",""
"azure-mgmt-storagecache.v2019_08_01","azure-mgmt-storagecache","com.microsoft.azure.storagecache.v2019_08_01","1.0.0-beta","","",""
"azure-mgmt-storagecache.v2019_11_01","azure-mgmt-storagecache","com.microsoft.azure.storagecache.v2019_11_01","1.0.0-beta","","",""
"azure-mgmt-storagecache.v2020_03_01","azure-mgmt-storagecache","com.microsoft.azure.storagecache.v2020_03_01","1.0.0-beta","","",""
"azure-mgmt-storageimportexport.v2016_11_01","azure-mgmt-storageimportexport","com.microsoft.azure.storageimportexport.v2016_11_01","1.0.0-beta","","",""
"azure-mgmt-streamanalytics","azure-mgmt-streamanalytics","com.microsoft.azure","1.10.0-beta","TRUE","",""
"azure-mgmt-streamanalytics.v2016_03_01","azure-mgmt-streamanalytics","com.microsoft.azure.streamanalytics-2016-03-01","1.0.0-beta-1","","",""
"azure-mgmt-subscriptions.v2016_06_01","azure-mgmt-subscriptions","com.microsoft.azure.resources.v2016_06_01","1.0.0-beta-1","","",""
"azure-mgmt-support.v2020_04_01","azure-mgmt-support","com.microsoft.azure.support.v2020_04_01","1.0.0","","",""
"azure-mgmt-synapse.v2019_06_01_preview","azure-mgmt-synapse","com.microsoft.azure.synapse.v2019_06_01_preview","1.0.0-beta-2","","",""
"azure-mgmt-timeseriesinsights.v2017_11_15","azure-mgmt-timeseriesinsights","com.microsoft.azure.timeseriesinsights.v2017_11_15","1.0.0-beta","","",""
"azure-mgmt-trafficmanager","azure-mgmt-trafficmanager","com.microsoft.azure","1.35.0","","",""
"azure-mgmt-traffic-manager","azure-mgmt-traffic-manager","com.microsoft.azure","0.9.8","TRUE","",""
"azure-mgmt-utility","azure-mgmt-utility","com.microsoft.azure","0.9.8","TRUE","",""
"azure-mgmt-vmwarecloudsimple.v2019_04_01","azure-mgmt-vmwarecloudsimple","com.microsoft.azure.vmwarecloudsimple.v2019_04_01","1.0.0-beta","","",""
"azure-mgmt-website","azure-mgmt-website","com.microsoft.azure","1.0.0-beta1","TRUE","",""
"azure-mgmt-websites","azure-mgmt-websites","com.microsoft.azure","0.9.8","TRUE","",""
"azure-parent","azure-parent","com.microsoft.azure","1.35.0","","",""
"azure-profile-parent","azure-profile-parent","com.microsoft.azure.profile_2018_03_01_hybrid","1.0.0-beta-1","","",""
"azure-profile-parent","azure-profile-parent","com.microsoft.azure.profile_2019_03_01_hybrid","1.0.0-beta-1","","",""
"azure-relay","azure-relay","com.microsoft.azure","0.0.3","","",""
"azure-resourcemanager","azure-resourcemanager","com.azure.resourcemanager","2.0.0-beta.1","","",""
"azure-resourcemanager-appservice","azure-resourcemanager-appservice","com.azure.resourcemanager","2.0.0-beta.1","","",""
"azure-resourcemanager-authorization","azure-resourcemanager-authorization","com.azure.resourcemanager","2.0.0-beta.1","","",""
"azure-resourcemanager-compute","azure-resourcemanager-compute","com.azure.resourcemanager","2.0.0-beta.1","","",""
"azure-resourcemanager-containerregistry","azure-resourcemanager-containerregistry","com.azure.resourcemanager","2.0.0-beta.1","","",""
"azure-resourcemanager-containerservice","azure-resourcemanager-containerservice","com.azure.resourcemanager","2.0.0-beta.1","","",""
"azure-resourcemanager-cosmos","azure-resourcemanager-cosmos","com.azure.resourcemanager","2.0.0-beta.1","","",""
"azure-resourcemanager-dns","azure-resourcemanager-dns","com.azure.resourcemanager","2.0.0-beta.1","","",""
"azure-resourcemanager-keyvault","azure-resourcemanager-keyvault","com.azure.resourcemanager","2.0.0-beta.1","","",""
"azure-resourcemanager-monitor","azure-resourcemanager-monitor","com.azure.resourcemanager","2.0.0-beta.1","","",""
"azure-resourcemanager-msi","azure-resourcemanager-msi","com.azure.resourcemanager","2.0.0-beta.1","","",""
"azure-resourcemanager-network","azure-resourcemanager-network","com.azure.resourcemanager","2.0.0-beta.1","","",""
"azure-resourcemanager-parent","azure-resourcemanager-parent","com.azure.resourcemanager","2.0.0-beta.1","","",""
"azure-resourcemanager-resources","azure-resourcemanager-resources","com.azure.resourcemanager","2.0.0-beta.1","","",""
"azure-resourcemanager-sql","azure-resourcemanager-sql","com.azure.resourcemanager","2.0.0-beta.1","","",""
"azure-resourcemanager-storage","azure-resourcemanager-storage","com.azure.resourcemanager","2.0.0-beta.1","","",""
"azure-sdk-all","azure-sdk-all","com.azure","1.0.0","","",""
"azure-sdk-bom","azure-sdk-bom","com.azure","1.0.0","","",""
"azure-sdk-parent","azure-sdk-parent","com.azure","1.6.0","","",""
"azure-sdk-template","azure-sdk-template","com.azure","1.0.4-beta.19","","",""
"azure-sdk-template","azure-sdk-template","com.microsoft.azure","1.0.1","","",""
"azure-search","azure-search","com.azure","11.0.0-beta.1","","",""
"azure-search","azure-search-documents","","","","",""
"azure-search-documents","azure-search","","","","",""
"azure-search-documents","azure-search-documents","com.azure","1.0.0-beta.4","","",""
"azure-security-keyvault-certificates","azure-security-keyvault-certificates","com.azure","4.1.0-beta.3","","",""
"azure-security-keyvault-keys","azure-security-keyvault-keys","com.azure","4.2.0-beta.4","","",""
"azure-security-keyvault-secrets","azure-security-keyvault-secrets","com.azure","4.2.0-beta.3","","",""
"azure-servicebus","azure-messaging-servicebus","","","","",""
"azure-servicebus","azure-servicebus","com.microsoft.azure","3.4.0","","",""
"azure-servicebus-jms","azure-servicebus-jms","com.microsoft.azure","0.0.2","","",""
"azure-servicebus-jms-spring-boot-starter","azure-servicebus-jms-spring-boot-starter","com.microsoft.azure","2.3.2","","",""
"azure-servicebus-spring-boot-autoconfigure","azure-servicebus-spring-boot-autoconfigure","com.microsoft.azure","0.1.5","","",""
"azure-servicebus-spring-boot-starter","azure-servicebus-spring-boot-starter","com.microsoft.azure","2.2.5","","",""
"azure-serviceruntime","azure-serviceruntime","com.microsoft.azure","0.9.8","","",""
"azure-sfmesh-maven-plugin","azure-sfmesh-maven-plugin","com.microsoft.azure","0.1.0","","",""
"azure-spark-archetype","azure-spark-archetype","com.microsoft.azure","0.1.0","","",""
"azure-spring-boot","azure-spring-boot","com.microsoft.azure","2.3.2","","",""
"azure-spring-boot-bom","azure-spring-boot-bom","com.microsoft.azure","2.3.2","","",""
"azure-spring-boot-dependencies","azure-spring-boot-dependencies","com.microsoft.azure","0.1.2","","",""
"azure-spring-boot-metrics-starter","azure-spring-boot-metrics-starter","com.microsoft.azure","2.3.2","","",""
"azure-spring-boot-parent","azure-spring-boot-parent","com.microsoft.azure","2.3.2","","",""
"azure-spring-boot-starter","azure-spring-boot-starter","com.microsoft.azure","2.3.2","","",""
"azure-spring-boot-starter-bom","azure-spring-boot-starter-bom","com.microsoft.azure","0.1.7","","",""
"azure-spring-boot-starter-parent","azure-spring-boot-starter-parent","com.microsoft.azure","0.1.7","","",""
"azure-spring-cloud-maven-plugin","azure-spring-cloud-maven-plugin","com.microsoft.azure","1.1.0","","",""
"azure-spring-common","azure-spring-common","com.microsoft.azure","0.1.7","","",""
"azure-sqldb-spark","azure-sqldb-spark","com.microsoft.azure","1.0.2","","",""
"azure-storage","azure-storage","com.microsoft.azure","8.6.4","","",""
"azure-storage","individual service packages 12.x","","","","",""
"azure-storage-android","azure-storage-android","com.microsoft.azure.android","2.0.0","","",""
"azure-storage-blob","azure-storage-blob","com.azure","12.7.0","","",""
"azure-storage-blob","azure-storage-blob","com.microsoft.azure","11.0.1","","",""
"azure-storage-blob","azure-storage-blob 12.x","","","","",""
"azure-storage-blob-batch","azure-storage-blob-batch","com.azure","12.5.2","","",""
"azure-storage-blob-cryptography","azure-storage-blob-cryptography","com.azure","12.7.0","","",""
"azure-storage-common","azure-storage-common","com.azure","12.7.0","","",""
"azure-storage-file","azure-storage-file","com.azure","12.0.0-preview.4","","",""
"azure-storage-file","azure-storage-file-share","","","","",""
"azure-storage-file-datalake","azure-data-lake-store-sdk","","","","",""
"azure-storage-file-datalake","azure-storage-file-datalake","com.azure","12.1.2","","",""
"azure-storage-file-share","azure-storage-file","","","","",""
"azure-storage-file-share","azure-storage-file-share","com.azure","12.5.0","","",""
"azure-storage-java","azure-storage-java","com.microsoft.azure","10","","",""
"azure-storage-queue","azure-storage-queue","com.azure","12.5.2","","",""
"azure-storage-queue","azure-storage-queue","com.microsoft.azure","10.0.1-Preview","","",""
"azure-storage-queue","azure-storage-queue 10.x","","","","",""
"azure-storage-queue","azure-storage-queue 12.x","","","","",""
"azure-storage-queue-cryptography","azure-storage-queue-cryptography","com.azure","12.0.0-preview.4","","",""
"azure-storage-spring-boot-autoconfigure","azure-storage-spring-boot-autoconfigure","com.microsoft.azure","0.1.5","","",""
"azure-storage-spring-boot-starter","azure-storage-spring-boot-starter","com.microsoft.azure","2.2.5","","",""
"azure-support","azure-support","com.microsoft.azure","0.1.8","","",""
"azure-svc-mgmt","azure-svc-mgmt","com.microsoft.azure","0.9.8","","",""
"azure-svc-mgmt-compute","azure-svc-mgmt-compute","com.microsoft.azure","0.9.8","TRUE","",""
"azure-svc-mgmt-media","azure-svc-mgmt-media","com.microsoft.azure","0.9.8","TRUE","",""
"azure-svc-mgmt-network","azure-svc-mgmt-network","com.microsoft.azure","0.9.8","TRUE","",""
"azure-svc-mgmt-scheduler","azure-svc-mgmt-scheduler","com.microsoft.azure","0.9.8","TRUE","",""
"azure-svc-mgmt-sql","azure-svc-mgmt-sql","com.microsoft.azure","0.9.8","TRUE","",""
"azure-svc-mgmt-storage","azure-svc-mgmt-storage","com.microsoft.azure","0.9.8","TRUE","",""
"azure-svc-mgmt-websites","azure-svc-mgmt-websites","com.microsoft.azure","0.9.8","TRUE","",""
"azure-tools-common","azure-tools-common","com.microsoft.azure","0.3.0","","",""
"azure-tracing-util","azure-tracing-util","com.microsoft.azure","0.9.8","","",""
"azure-webapp-maven-plugin","azure-webapp-maven-plugin","com.microsoft.azure","1.9.1","","",""
"bundler-maven-plugin","bundler-maven-plugin","com.microsoft.azure","0.0.5","","",""
"client-runtime","client-runtime","com.microsoft.azure","1.0.1","","",""
"digital-twin-device-client-preview","digital-twin-device-client-preview","com.microsoft.azure.sdk.iot","1.0.0","","",""
"digital-twin-service-client-preview","digital-twin-service-client-preview","com.microsoft.azure.sdk.iot","1.0.0","","",""
"documentdb-bulkexecutor","documentdb-bulkexecutor","com.microsoft.azure","2.10.0","","",""
"documentdb-bulkimport","documentdb-bulkimport","com.microsoft.azure","1.0.2","","",""
"elastic-db-tools","elastic-db-tools","com.microsoft.azure","1.1.0","","",""
"gateway-java-binding","gateway-java-binding","com.microsoft.azure.gateway","1.1.0","","",""
"gateway-linux","gateway-linux","com.microsoft.azure.gateway","1.0.2","","",""
"gateway-module-base","gateway-module-base","com.microsoft.azure.gateway","1.0.2","","",""
"gateway-module-simple","gateway-module-simple","com.microsoft.azure.gateway.archetypes","1.0.0","","",""
"gateway-win32","gateway-win32","com.microsoft.azure.gateway","1.0.2","","",""
"iot-deps","iot-deps","com.microsoft.azure.sdk.iot","0.9.5","","",""
"iot-deps-preview","iot-deps-preview","com.microsoft.azure.sdk.iot","1.0.1","","",""
"iot-deps-serializer","iot-deps-serializer","com.microsoft.azure","0.3.3","","",""
"iot-deps-serializer","iot-deps-serializer","com.microsoft.azure.sdk.iot.deps","0.7.6","","",""
"iot-device-client","iot-device-client","com.microsoft.azure","1.1.24","","",""
"iot-device-client","iot-device-client","com.microsoft.azure.sdk.iot","1.23.0","","",""
"iot-device-client-preview","iot-device-client-preview","com.microsoft.azure.sdk.iot","1.0.1","","",""
"iothub-java-client","iothub-java-client","com.microsoft.azure.iothub-java-client","1.0.0-preview.7","","",""
"iothub-java-device-client","iothub-java-device-client","com.microsoft.azure.iothub-java-client","1.0.16","","",""
"iothub-java-device-client-dev","iothub-java-device-client-dev","com.microsoft.azure.iothub-java-client","1.0.9","","",""
"iothub-java-service-client","iothub-java-service-client","com.microsoft.azure.iothub-java-client","1.0.11","","",""
"iothub-java-service-client-dev","iothub-java-service-client-dev","com.microsoft.azure.iothub-java-client","1.0.2","","",""
"iothub-react_2.11","iothub-react_2.11","com.microsoft.azure.iot","0.9.0","","",""
"iothub-react_2.12","iothub-react_2.12","com.microsoft.azure.iot","0.9.0","","",""
"iothub-react_2.12.0-RC1","iothub-react_2.12.0-RC1","com.microsoft.azure.iot","0.7.0","","",""
"iot-service-client","iot-service-client","com.microsoft.azure","1.2.18","","",""
"iot-service-client","iot-service-client","com.microsoft.azure.sdk.iot","1.23.0","","",""
"iot-service-client-preview","iot-service-client-preview","com.microsoft.azure.sdk.iot","1.0.1","","",""
"kusto-data","kusto-data","com.microsoft.azure.kusto","2.1.0","","",""
"kusto-ingest","kusto-ingest","com.microsoft.azure.kusto","2.1.0","","",""
"maven-plugin-lib","maven-plugin-lib","com.microsoft.azure","0.1.1","","",""
"microsoft-graph-spring-boot-autoconfigure","microsoft-graph-spring-boot-autoconfigure","com.microsoft.azure","0.1.7","","",""
"microsoft-graph-spring-social-starter","microsoft-graph-spring-social-starter","com.microsoft.azure","0.1.7","","",""
"msal4j","msal4j","com.microsoft.azure","1.6.1","","",""
"msal4j-persistence-extension","msal4j-persistence-extension","com.microsoft.azure","0.1","","",""
"native-preview","native-preview","com.microsoft.azure.servicefabric","1.0.0","","",""
"proton-j-azure-iot","proton-j-azure-iot","com.microsoft.azure.iot","0.12.2","","",""
"proton-j-azure-iot-dev","proton-j-azure-iot-dev","com.microsoft.azure.iot","0.12.3","","",""
"provisioning-device-client","provisioning-device-client","com.microsoft.azure.sdk.iot.provisioning","1.8.2","","",""
"provisioning-device-client-preview","provisioning-device-client-preview","com.microsoft.azure.sdk.iot.provisioning","1.0.1","","",""
"provisioning-service-client","provisioning-service-client","com.microsoft.azure.sdk.iot.provisioning","1.6.1","","",""
"provisioning-service-client-preview","provisioning-service-client-preview","com.microsoft.azure.sdk.iot.provisioning","1.0.1","","",""
"qpid-proton-j-extensions","qpid-proton-j-extensions","com.microsoft.azure","1.2.3","","",""
"security-provider","security-provider","com.microsoft.azure.sdk.iot.provisioning.security","1.3.0","","",""
"security-provider-preview","security-provider-preview","com.microsoft.azure.sdk.iot.provisioning.security","1.0.1","","",""
"service-bus-jms-connection-factory","service-bus-jms-connection-factory","com.microsoft.azure","0.0.1","","",""
"services-preview","services-preview","com.microsoft.azure.servicefabric","1.0.0","","",""
"spark-cdm-connector","spark-cdm-connector","com.microsoft.azure","0.14","","",""
"spark-kusto-connector","spark-kusto-connector","com.microsoft.azure.kusto","1.1.5","","",""
"spark-streaming-eventhubs_2.10","spark-streaming-eventhubs_2.10","com.microsoft.azure","1.6.3","","",""
"spark-streaming-eventhubs_2.11","spark-streaming-eventhubs_2.11","com.microsoft.azure","2.1.5","","",""
"spark-streaming-eventhubs_connector_2.10","spark-streaming-eventhubs_connector_2.10","com.microsoft.azure","1.6.3","","",""
"spark-streaming-eventhubs_connector_2.11","spark-streaming-eventhubs_connector_2.11","com.microsoft.azure","2.1.4","","",""
"spark-streaming-eventhubs_examples_2.11","spark-streaming-eventhubs_examples_2.11","com.microsoft.azure","2.1.4","","",""
"spring-azure-starter-cache","spring-azure-starter-cache","com.microsoft.azure","1.0.0.M2","","",""
"spring-azure-starter-storage","spring-azure-starter-storage","com.microsoft.azure","1.0.0.M2","","",""
"spring-cloud-azure","spring-cloud-azure","com.microsoft.azure","1.2.6","","",""
"spring-cloud-azure-appconfiguration-config","spring-cloud-azure-appconfiguration-config","com.microsoft.azure","1.2.6","","",""
"spring-cloud-azure-appconfiguration-config-web","spring-cloud-azure-appconfiguration-config-web","com.microsoft.azure","1.2.6","","",""
"spring-cloud-azure-autoconfigure","spring-cloud-azure-autoconfigure","com.microsoft.azure","1.2.6","","",""
"spring-cloud-azure-context","spring-cloud-azure-context","com.microsoft.azure","1.2.6","","",""
"spring-cloud-azure-dependencies","spring-cloud-azure-dependencies","com.microsoft.azure","1.2.6","","",""
"spring-cloud-azure-eventhubs-stream-binder","spring-cloud-azure-eventhubs-stream-binder","com.microsoft.azure","1.2.6","","",""
"spring-cloud-azure-eventhub-stream-binder","spring-cloud-azure-eventhub-stream-binder","com.microsoft.azure","1.1.0.RC1","","",""
"spring-cloud-azure-feature-management","spring-cloud-azure-feature-management","com.microsoft.azure","1.2.6","","",""
"spring-cloud-azure-feature-management-web","spring-cloud-azure-feature-management-web","com.microsoft.azure","1.2.6","","",""
"spring-cloud-azure-keyvault-config","spring-cloud-azure-keyvault-config","com.microsoft.azure","1.2.0","","",""
"spring-cloud-azure-messaging","spring-cloud-azure-messaging","com.microsoft.azure","1.2.6","","",""
"spring-cloud-azure-servicebus-queue-stream-binder","spring-cloud-azure-servicebus-queue-stream-binder","com.microsoft.azure","1.2.6","","",""
"spring-cloud-azure-servicebus-stream-binder-core","spring-cloud-azure-servicebus-stream-binder-core","com.microsoft.azure","1.2.6","","",""
"spring-cloud-azure-servicebus-topic-stream-binder","spring-cloud-azure-servicebus-topic-stream-binder","com.microsoft.azure","1.2.6","","",""
"spring-cloud-azure-starter-cache","spring-cloud-azure-starter-cache","com.microsoft.azure","1.0.0.M1","","",""
"spring-cloud-azure-starter-eventhub","spring-cloud-azure-starter-eventhub","com.microsoft.azure","1.0.0.M2","","",""
"spring-cloud-azure-starters","spring-cloud-azure-starters","com.microsoft.azure","1.2.6","","",""
"spring-cloud-azure-starter-servicebus","spring-cloud-azure-starter-servicebus","com.microsoft.azure","1.0.0.M2","","",""
"spring-cloud-azure-starter-sql-sqlserver","spring-cloud-azure-starter-sql-sqlserver","com.microsoft.azure","1.0.0.M1","","",""
"spring-cloud-azure-starter-storage","spring-cloud-azure-starter-storage","com.microsoft.azure","1.0.0.M1","","",""
"spring-cloud-azure-starter-storage-queue","spring-cloud-azure-starter-storage-queue","com.microsoft.azure","1.0.0.M2","","",""
"spring-cloud-azure-storage","spring-cloud-azure-storage","com.microsoft.azure","1.2.6","","",""
"spring-cloud-azure-stream-binder","spring-cloud-azure-stream-binder","com.microsoft.azure","1.2.6","","",""
"spring-cloud-azure-stream-binder-test","spring-cloud-azure-stream-binder-test","com.microsoft.azure","1.2.6","","",""
"spring-cloud-starter-azure-appconfiguration-config","spring-cloud-starter-azure-appconfiguration-config","com.microsoft.azure","1.2.6","","",""
"spring-cloud-starter-azure-eventhub","spring-cloud-starter-azure-eventhub","com.microsoft.azure","1.1.0.RC1","","",""
"spring-cloud-starter-azure-eventhub-kafka","spring-cloud-starter-azure-eventhub-kafka","com.microsoft.azure","1.1.0.RC1","","",""
"spring-cloud-starter-azure-eventhubs","spring-cloud-starter-azure-eventhubs","com.microsoft.azure","1.2.6","","",""
"spring-cloud-starter-azure-eventhubs-kafka","spring-cloud-starter-azure-eventhubs-kafka","com.microsoft.azure","1.2.6","","",""
"spring-cloud-starter-azure-keyvault-config","spring-cloud-starter-azure-keyvault-config","com.microsoft.azure","1.2.0","","",""
"spring-cloud-starter-azure-servicebus","spring-cloud-starter-azure-servicebus","com.microsoft.azure","1.2.6","","",""
"spring-cloud-starter-azure-spring-cloud-client","spring-cloud-starter-azure-spring-cloud-client","com.microsoft.azure","2.3.0","","",""
"spring-cloud-starter-azure-storage-queue","spring-cloud-starter-azure-storage-queue","com.microsoft.azure","1.2.6","","",""
"spring-data-azure-cosmosdb-documentdb","spring-data-azure-cosmosdb-documentdb","com.microsoft.azure","0.1.1","","",""
"spring-data-azure-documentdb","spring-data-azure-documentdb","com.microsoft.azure","0.1.7","","",""
"spring-data-cosmosdb","spring-data-cosmosdb","com.microsoft.azure","3.0.0.M1","","",""
"spring-data-documentdb","spring-data-documentdb","com.microsoft.azure","2.0.3","","",""
"spring-data-gremlin-boot-starter","spring-data-gremlin-boot-starter","com.microsoft.azure","2.3.2","","",""
"spring-integration-azure","spring-integration-azure","com.microsoft.azure","1.2.6","","",""
"spring-integration-azure-core","spring-integration-azure-core","com.microsoft.azure","1.2.6","","",""
"spring-integration-azure-test","spring-integration-azure-test","com.microsoft.azure","1.2.6","","",""
"spring-integration-eventhub","spring-integration-eventhub","com.microsoft.azure","1.1.0.RC1","","",""
"spring-integration-eventhubs","spring-integration-eventhubs","com.microsoft.azure","1.2.6","","",""
"spring-integration-servicebus","spring-integration-servicebus","com.microsoft.azure","1.2.6","","",""
"spring-integration-storage-queue","spring-integration-storage-queue","com.microsoft.azure","1.2.6","","",""
"spring-jms-starter-azure-servicebus","spring-jms-starter-azure-servicebus","com.microsoft.azure","1.2.0","","",""
"spring-social-microsoft-graph","spring-social-microsoft-graph","com.microsoft.azure","0.1.7","","",""
"spring-starter-azure-cache","spring-starter-azure-cache","com.microsoft.azure","1.2.6","","",""
"spring-starter-azure-storage","spring-starter-azure-storage","com.microsoft.azure","1.2.6","","",""
"system-fabric-preview","system-fabric-preview","com.microsoft.azure.servicefabric","1.0.0","","",""
"tpm-provider","tpm-provider","com.microsoft.azure.sdk.iot.provisioning.security","1.1.2","","",""
"tpm-provider-preview","tpm-provider-preview","com.microsoft.azure.sdk.iot.provisioning.security","1.0.1","","",""
"tracing-opentelemetry","tracing-opentelemetry","com.azure","1.0.0-preview.2","","",""
"transport-preview","transport-preview","com.microsoft.azure.servicefabric","1.0.0","","",""
"troposphere-maven-plugin","troposphere-maven-plugin","com.azurenight.maven","2.6.0.1","","",""
"TSS.Java","TSS.Java","com.microsoft.azure","0.9.1","","",""
"webapp-maven-plugin","webapp-maven-plugin","com.microsoft.azure","0.1.1","","",""
"websocket-transport-layer","websocket-transport-layer","com.microsoft.azure.iothub-java-client","0.1.1","","",""
"websocket-transport-layer","websocket-transport-layer","com.microsoft.azure.sdk.iot.deps","0.1.3","","",""
"x509-provider","x509-provider","com.microsoft.azure.sdk.iot.provisioning.security","1.1.4","","",""
"x509-provider-preview","x509-provider-preview","com.microsoft.azure.sdk.iot.provisioning.security","1.0.1","","",""
